{
  "project": {
    "version": "1.0.0-beta.25.5",
    "name": "partidas"
  },
  "apps": [
    {
      "root": "src",
      "outDir": "dist",
      "assets": [
        "assets",
        "favicon.ico"
      ],
      "index": "index.html",
      "main": "main.ts",
      "test": "test.ts",
      "tsconfig": "tsconfig.json",
      "prefix": "app",
      "mobile": false,
      "styles": [
        "styles.css",
        "../node_modules/bootstrap/dist/css/bootstrap.min.css",
        "css/nifty.min.css",
        "css/demo/nifty-demo-icons.min.css",
        "css/demo/nifty-demo.min.css",
        "plugins/pace/pace.min.css",
        "css/themes/theme-well-red.min.css",
        "../node_modules/primeng/resources/themes/omega/theme.css",
        "../node_modules/primeng/resources/primeng.css",
        "font-awesome/css/font-awesome.min.css",
        "angular2-busy/build/style/busy.css",
        "../node_modules/lightbox2/dist/css/lightbox.min.css",
        "../node_modules/devextreme/dist/css/dx.common.css",
        "../node_modules/devextreme/dist/css/dx.light.css"
      ],
      "scripts": [
        "js/jquery-2.2.4.min.js",
        "../node_modules/bootstrap/dist/js/bootstrap.min.js",
        "plugins/pace/pace.min.js",
        "js/nifty.min.js",
        "../node_modules/lightbox2/dist/js/lightbox.min.js",
        "../node_modules/devextreme/dist/js/dx.all.js"
      ],
      "environmentSource": "environments/environment.ts",
      "environments": {
        "dev": "environments/environment.ts",
        "prod": "environments/environment.prod.ts"
      }
    }
  ],
  "addons": [],
  "packages": [],
  "e2e": {
    "protractor": {
      "config": "./protractor.conf.js"
    }
  },
  "test": {
    "karma": {
      "config": "./karma.conf.js"
    }
  },
  "defaults": {
    "styleExt": "css",
    "prefixInterfaces": false,
    "inline": {
      "style": false,
      "template": false
    },
    "spec": {
      "class": false,
      "component": true,
      "directive": true,
      "module": false,
      "pipe": true,
      "service": true
    }
  }
}